<PAMDataset>
  <PAMRasterBand band="1">
    <Metadata>
      <MDI key="STATISTICS_MAXIMUM">255</MDI>
      <MDI key="STATISTICS_MEAN">219.36963615904</MDI>
      <MDI key="STATISTICS_MINIMUM">0</MDI>
      <MDI key="STATISTICS_STDDEV">82.417438267337</MDI>
    </Metadata>
  </PAMRasterBand>
  <PAMRasterBand band="2">
    <Metadata>
      <MDI key="STATISTICS_MAXIMUM">255</MDI>
      <MDI key="STATISTICS_MEAN">225.71318454614</MDI>
      <MDI key="STATISTICS_MINIMUM">36</MDI>
      <MDI key="STATISTICS_STDDEV">66.501733126577</MDI>
    </Metadata>
  </PAMRasterBand>
  <PAMRasterBand band="3">
    <Metadata>
      <MDI key="STATISTICS_MAXIMUM">255</MDI>
      <MDI key="STATISTICS_MEAN">228.90763315829</MDI>
      <MDI key="STATISTICS_MINIMUM">36</MDI>
      <MDI key="STATISTICS_STDDEV">58.86784506456</MDI>
    </Metadata>
  </PAMRasterBand>
</PAMDataset>
